<?xml version="1.0" encoding="UTF-8" standalone="yes"?>
<addon id="plugin.program.WIZAR-CHOPO" name="[B][LOWERCASE][CAPITALIZE][COLOR white]CHOPO[COLOR aquamarine]WIZARD[/CAPITALIZE][/LOWERCASE][/B][/COLOR]" version="1.1" provider-name="CHOPO">
  <requires>
    <import addon="xbmc.python" version="2.1.0"/>
  </requires>
  <extension point="xbmc.python.pluginsource" library="default.py">
    <provides>executable</provides>
  </extension>
  
 <extension point="xbmc.addon.repository" name="tvchoco Jose">
        <info>https://raw.githubusercontent.com/elchocolate/repotvchopo/master/Repositorio/addons.xml</info>
        <checksum>https://raw.githubusercontent.com/elchocolate/repotvchopo/master/Repositorio/addons.xml.md5</checksum>
        <datadir zip="true">https://raw.githubusercontent.com/elchocolate/repotvchopo/master/Repositorio/</datadir>
    </extension>
  <extension point="xbmc.service" library="startup.py" start="startup" />
  <extension point="xbmc.addon.metadata">
    <summary lang="en">CHOPO [COLOR orange]WIZARD[/COLOR]</summary>
    <description lang="en">wizard-chopo para Kodi
	equipotvchopo

Telegram: https://t.me/tvchopo</description>
    <platform>all</platform>
  </extension>
</addon>