<?xml version="1.0" encoding="UTF-8" standalone="yes"?>
<addon id="plugin.video.JHG.MASTER.3.0"
       name="[COLOR goldenrod]JHG.MASTER.3.0 [/COLOR]"
       version="3.3.4"
       provider-name="[COLOR goldenrod]JHG.MASTER.3.0[/COLOR]">
  <requires>
    <import addon="xbmc.python" version="2.1.0"/>
    <import addon="script.module.beautifulsoup" version="3.2.1"/>
    <import addon="script.module.simple.downloader" version="0.9.4"/>
    <import addon="script.module.beautifulsoup4" />
    <import addon="script.module.requests" />
    <import addon="script.module.httplib2" />
    <import addon="script.module.liveresolver" version="0.1.24" optional="true"/>
    <import addon="script.module.youtube.dl" optional="true"/>
    <import addon="plugin.video.youtube" optional="true" />
    <import addon="script.module.urlresolver" optional="true"/>
    <import addon="script.module.simplejson" />    
     <import addon="script.module.livestreamer" optional="true"/>
     <import addon="script.module.pyamf" optional="true"/>
  </requires>
  <extension point="xbmc.python.pluginsource" library="default.py">
    <provides>video</provides>
  </extension>


  <extension point="xbmc.addon.metadata">
    <summary>[COLOR goldenrod][B]JHG.MASTER.3.0 [/B][/COLOR]</summary>
    <description>
----= Bienvenidos a JHG.MASTER.3.0 TV Addon =----
Este complemento se convierte en una opcion mas
a la hora de tener un centro multimedia completo,
cubriendo las categorias mas solicitadas por los 
usuarios.
		
JHG.MASTER.3.0 no aloja ningun tipo de contenido. Todos estos 
enlaces estan colocado de manera libre en interNET.
--------------------------------------------------------------------
         
    </description>
    <platform>all</platform>
  </extension>
</addon>
