<?xml version="1.0" encoding="UTF-8"?>
<addon
	id="plugin.video.tvchopo" version="28" name="[B][COLOR white]tv[COLOR aqua]chopo[/COLOR][/B]" provider-name="equipo tvchopo">
<requires>
    <import addon="plugin.video.youtube" optional="true" /> 
    <import addon="script.module.requests" />
    <import addon="script.module.resolveurl" optional="true" />
    <import addon="script.module.six" />
  </requires>
	<extension point="xbmc.python.pluginsource" library="default.py">
		<provides>video</provides>
	</extension>
	
	 <extension point="xbmc.addon.repository" name="tvchopo">
        <info>https://raw.githubusercontent.com/elchocolate/repotvchopo/master/Repositorio/addons.xml</info>
        <checksum>https://raw.githubusercontent.com/elchocolate/repotvchopo/master/Repositorio/addons.xml.md5</checksum>
        <datadir zip="true">https://raw.githubusercontent.com/elchocolate/repotvchopo/master/Repositorio/</datadir>
	    <dir>
        <info compressed="false">https://raw.githubusercontent.com/elchocolate/repotvchopo/master/Repositorio/addons.xml</info>
        <checksum>https://raw.githubusercontent.com/elchocolate/repotvchopo/master/Repositorio/addons.xml.md5</checksum>
        <datadir zip="true">https://raw.githubusercontent.com/elchocolate/repotvchopo/master/Repositorio/</datadir>
        </dir>
    </extension>
	
	
	<extension point="xbmc.addon.metadata">
                <platform>all</platform>
		<summary lang="en"></summary>
		<summary lang="da"></summary>
	<description lang="en">[B][LOWERCASE][CAPITALIZE][COLOR white]addon principal de la familia tvchopo, valido para cualquier version de kodi. este addon es [COLOR red]totalmente gratuito no se aceptan donativos ... no permitas que te vendan este addon.. es  gratis  [COLOR white]..entra en telegram [COLOR gold]@tvchopo[COLOR white] y te ayudamos[/COLOR][/CAPITALIZE][/LOWERCASE][/B]</description>
		<website></website>
		<license>GPL 2.0</license>
		<platform>all</platform>
<assets>
        <icon>icon.jpg</icon>
  <screenshot>resources/screenshots/screenshot1.jpg</screenshot>
  <screenshot>resources/screenshots/screenshot2.jpg</screenshot>
  <screenshot>resources/screenshots/screenshot3.jpg</screenshot>
  <screenshot>resources/screenshots/screenshot4.jpg</screenshot>
  <screenshot>resources/screenshots/screenshot5.jpg</screenshot>
        <fanart>fanart.png</fanart>
    </assets>        
		<language>es</language>
	</extension>
</addon>
