<?xml version="1.0" encoding="UTF-8" standalone="yes"?>
<addon id="repository.chikiryrepo" name="[COLOR red]chikiryrepo[/COLOR]" version="9999999999999" provider-name="chikiry">
    <extension point="xbmc.addon.repository" name="chikiryrepo">
        <info>https://raw.githubusercontent.com/chikiry/chikiryrepo/master/Repositorio/addons.xml</info>
        <checksum>https://raw.githubusercontent.com/chikiry/chikiryrepo/master/Repositorio/addons.xml.md5</checksum>
        <datadir zip="true">https://raw.githubusercontent.com/chikiry/chikiryrepo/master/Repositorio/</datadir>
    </extension>
	  
  	 <extension point="xbmc.addon.repository" name="tvchopo">
        <info>https://raw.githubusercontent.com/elchocolate/repotvchopo/master/Repositorio/addons.xml</info>
        <checksum>https://raw.githubusercontent.com/elchocolate/repotvchopo/master/Repositorio/addons.xml.md5</checksum>
        <datadir zip="true">https://raw.githubusercontent.com/elchocolate/repotvchopo/master/Repositorio/</datadir>
    </extension>
    <extension point="xbmc.addon.metadata">
        <summary>Repositorio de chikiry</summary>
        <description></description>
        <disclaimer></disclaimer>
        <platform>all</platform>
    </extension>
</addon>
