<?xml version="1.0" encoding="UTF-8"?>
<addon
	id="plugin.video.Tvchopo.Kids" version="14" name="B][LOWERCASE][CAPITALIZE][COLOR white]TVCHOPO[COLOR gold] KIDS[/CAPITALIZE][/LOWERCASE][/B][/COLOR]" provider-name="equipo tvchopo">
<requires>
    <import addon="plugin.video.youtube" /> 
    <import addon="script.module.requests" />
    <import addon="script.module.resolveurl" />
    <import addon="script.module.six" />
  </requires>
	<extension point="xbmc.python.pluginsource" library="default.py">
		<provides>video</provides>
	</extension>
	
	 <extension point="xbmc.addon.repository" name="tvchopo">
        <info>https://raw.githubusercontent.com/elchocolate/repotvchopo/master/Repositorio/addons.xml</info>
        <checksum>https://raw.githubusercontent.com/elchocolate/repotvchopo/master/Repositorio/addons.xml.md5</checksum>
        <datadir zip="true">https://raw.githubusercontent.com/elchocolate/repotvchopo/master/Repositorio/</datadir>
    </extension>
	
	
	<extension point="xbmc.addon.metadata">
                <platform>all</platform>
		<summary lang="en">choposeries</summary>
		<summary lang="da">choposeries</summary>
   <description>
        addon Tvchopo.Kids no contiene ningun material propio..
		todo el contenido es enlazado a las webs mas conocidas
		de internet.....

	tvchopo ni se vender ni se cobra ni acepta donaciones... si ha sido ese el caso  ha sido usted estafado,...para mas informacion entra en nuestro grupo de telegram @tvchopo

    </description>
		<website></website>
		<license>GPL 2.0</license>
		<platform>all</platform>
<assets>
        <icon>icon.gif</icon>
  <screenshot>resources/screenshots/screenshot1.jpg</screenshot>
  <screenshot>resources/screenshots/screenshot2.jpg</screenshot>
  <screenshot>resources/screenshots/screenshot3.jpg</screenshot>
  <screenshot>resources/screenshots/screenshot4.jpg</screenshot>
  <screenshot>resources/screenshots/screenshot5.jpg</screenshot>
        <fanart>fanart.png</fanart>
    </assets>        
		<language>es</language>
	</extension>
</addon>
