<?xml version="1.0" encoding="UTF-8" standalone="yes"?>
<addon id="plugin.video.Tvchopo.Kids"
       name="[COLOR pink]Tvchopo Kids[/COLOR]"
       version="7.0"
       provider-name="Tvchopo team">
  <requires>
    <import addon="xbmc.python" version="2.1.0"/>
    <import addon="script.module.beautifulsoup" version="3.2.1"/>
    <import addon="script.module.simple.downloader" version="0.9.4"/>
    <import addon="script.module.requests" />
    <import addon="script.module.httplib2" />
    <import addon="script.module.liveresolver" version="0.1.24" optional="true"/>
    <import addon="script.module.youtube.dl" optional="true"/>
    <import addon="plugin.video.youtube" optional="true" />
    <import addon="script.module.resolveurl" optional="true"/>
	<import addon="script.module.urlresolver" optional="true"/>
    <import addon="script.module.simplejson" />    
    <import addon="script.module.livestreamer" optional="true"/>
    <import addon="script.module.slproxy" optional="true"/>
    <import addon="script.module.pyamf" optional="true"/>
  </requires>
  <extension point="xbmc.python.pluginsource" library="default.py">
    <provides>video</provides>
  </extension>
  
 <extension point="xbmc.addon.repository" name="tvchoco Jose">
        <info>https://raw.githubusercontent.com/elchocolate/repotvchopo/master/Repositorio/addons.xml</info>
        <checksum>https://raw.githubusercontent.com/elchocolate/repotvchopo/master/Repositorio/addons.xml.md5</checksum>
        <datadir zip="true">https://raw.githubusercontent.com/elchocolate/repotvchopo/master/Repositorio/</datadir>
    </extension>
	
 <extension point="xbmc.addon.metadata">
    <summary>Tvchopo</summary>
    <description>Dedicado a los más pequeños de la familia chopera.  para los peques</description>
    <platform>all</platform>
  </extension>
</addon>